Item Code,Product Type,Image Url,FlowerWyz Image Url,COMMON
B9-4833,C,https://www.floristone.com/flowers/products/B9-4833.jpg,https://www.flowerwyz.com/images/send-flowers.jpg,1
B10-4355,C,https://www.floristone.com/flowers/products/B10-4355.jpg,https://www.flowerwyz.com/images/cheap-flower-delivery.jpg,2
B10-4368,C,https://www.floristone.com/flowers/products/B10-4368.jpg,https://www.flowerwyz.com/images/online-flowers.jpg,3
B10-4787,C,https://www.floristone.com/flowers/products/B10-4787.jpg,https://www.flowerwyz.com/images/flowers-delivered.jpg,4
B12-4421,C,https://www.floristone.com/flowers/products/B12-4421.jpg,https://www.flowerwyz.com/images/best-online-flowers.jpg,5
B13-4834,C,https://www.floristone.com/flowers/products/B13-4834.jpg,https://www.flowerwyz.com/images/best-flower-delivery.jpg,6
B14-4356,C,https://www.floristone.com/flowers/products/B14-4356.jpg,https://www.flowerwyz.com/images/cheap-flowers.jpg,7
B14-4426,C,https://www.floristone.com/flowers/products/B14-4426.jpg,https://www.flowerwyz.com/images/send-flowers-online.jpg,8
B14-4832,C,https://www.floristone.com/flowers/products/B14-4832.jpg,https://www.flowerwyz.com/images/flowers-delivery.png,9
B16-4830,C,https://www.floristone.com/flowers/products/B16-4830.jpg,https://www.flowerwyz.com/images/sending-flowers.jpg,10
B17-4362,C,https://www.floristone.com/flowers/products/B17-4362.jpg,https://www.flowerwyz.com/images/online-flower-delivery.jpg,11
B18-4374,C,https://www.floristone.com/flowers/products/B18-4374.jpg,https://www.flowerwyz.com/images/send-flowers-cheap.jpg,12
F1-116,B,https://www.floristone.com/flowers/products/bb_bb.jpg,https://www.flowerwyz.com/images/cheap-flowers-delivered.jpg,13
F1-CPP,P,https://www.floristone.com/flowers/products/F1-CPP.jpg,https://www.flowerwyz.com/images/flowers-for-delivery.jpg,14
B3-4347,C,https://www.floristone.com/flowers/products/B3-4347.jpg,https://www.flowerwyz.com/images/deliver-flowers.jpg,15
S7-4450,FA,https://www.floristone.com/flowers/products/S7-4450.jpg,https://www.flowerwyz.com/images/flowers-to-send.jpg,16
B23-4375,R,https://www.floristone.com/flowers/products/B23-4375.jpg,https://www.flowerwyz.com/images/cheap-flowers-online.jpg,17
FA302,FB,https://www.floristone.com/flowers/products/FA302.jpg,https://www.flowerwyz.com/images/flower-deliveries.jpg,18
AFS227,N,https://www.floristone.com/flowers/products/AFS227.jpg,https://www.flowerwyz.com/images/online-flower.jpg,19
F1-118,B,https://www.floristone.com/flowers/products/gw_bb.jpg,https://www.flowerwyz.com/images/cheapest-flower-delivery.jpg,20
D4-4898,N,https://www.floristone.com/flowers/products/D4-4898.jpg,https://www.flowerwyz.com/images/birthday-gifts-delivered.jpg,1000
D5-4894,O,https://www.floristone.com/flowers/products/D5-4894.jpg,https://www.flowerwyz.com/images/birthday-gifts-delivery.jpg,1000
D9-4913,V,https://www.floristone.com/flowers/products/D9-4913.jpg,https://www.flowerwyz.com/images/floral-arrangements.jpg,1000
C30-4572,X,https://www.floristone.com/flowers/products/C30-4572.jpg,https://www.flowerwyz.com/images/birthday-flower-delivery.jpg,1000
F1-509,P,https://www.floristone.com/flowers/products/F1-509.jpg,https://www.flowerwyz.com/files/discount-flower-delivery.jpg,1000
D9-4912,V,https://www.floristone.com/flowers/products/D9-4912.jpg,https://www.flowerwyz.com/images/florists.jpg,1000
E8-4816,R,https://www.floristone.com/flowers/products/E8-4816.jpg,https://www.flowerwyz.com/images/anniversary-flowers.jpg,1000
C12-4400,O,https://www.floristone.com/flowers/products/C12-4400.jpg,https://www.flowerwyz.com/images/floral-arrangement.jpg,1000
C13-4840,C,https://www.floristone.com/flowers/products/C13-4840.jpg,https://www.flowerwyz.com/images/birthday-gifts-for-mom.jpg,1000
C30-4571,X,https://www.floristone.com/flowers/products/C30-4571.jpg,https://www.flowerwyz.com/images/birthday-gift-basket.jpg,1000
AFS250,O,https://www.floristone.com/flowers/products/AFS250.jpg,https://www.flowerwyz.com/files/flower-coupons.jpg,1000
fam123,B,https://www.floristone.com/flowers/products/toy_bb.jpg,https://www.flowerwyz.com/images/get-well-balloon.jpg,1000
D9-4911,V,https://www.floristone.com/flowers/products/D9-4911.jpg,https://www.flowerwyz.com/images/floral-shop.jpg,1000
E8-4812,R,https://www.floristone.com/flowers/products/E8-4812.jpg,https://www.flowerwyz.com/images/rose-bouquet.jpg,1000
S9-4454,P,https://www.floristone.com/flowers/products/S9-4454.jpg,https://www.flowerwyz.com/images/we-will-miss-you.jpg,1000
C12-3434,C,https://www.floristone.com/flowers/products/C12-3434.jpg,https://www.flowerwyz.com/images/anniversary-flower-delivery.jpg,1000
S29-4503,FA,https://www.floristone.com/flowers/products/S29-4503.jpg,https://www.flowerwyz.com/images/funeral-flowers.jpg,1000
AFS253,N,https://www.floristone.com/flowers/products/AFS253.jpg,https://www.flowerwyz.com/images/spring-floral-arrangements.jpg,1000
F1-121,B,https://www.floristone.com/flowers/products/lr_bb.jpg,https://www.flowerwyz.com/images/romantic-balloon-bouquet.jpg,1000
F1-228,FB,https://www.floristone.com/flowers/products/F1-228.jpg,https://www.flowerwyz.com/images/flowers-for-funeral.jpg,1000
F1-252,O,https://www.floristone.com/flowers/products/F1-252.jpg,https://www.flowerwyz.com/files/discount-flowers.jpg,1000
F1-407,P,https://www.floristone.com/flowers/products/F1-407.jpg,https://www.flowerwyz.com/images/funeral-flower-arrangements.jpg,1000
E8-4810,R,https://www.floristone.com/flowers/products/E8-4810.jpg,https://www.flowerwyz.com/images/valentines-day-flower-delivery.jpg,1000
B30-4433,C,https://www.floristone.com/flowers/products/B30-4433.jpg,https://www.flowerwyz.com/images/centerpieces.jpg,1000
C11-4841,V,https://www.floristone.com/flowers/products/C11-4841.jpg,https://www.flowerwyz.com/images/florist-delivery.jpg,1000
AFS241,O,https://www.floristone.com/flowers/products/AFS241.jpg,https://www.flowerwyz.com/images/florists-online.jpg,1000
F1-205,P,https://www.floristone.com/flowers/products/F1-205.jpg,https://www.flowerwyz.com/images/plant-delivery.jpg,1000
D7-4904,B,https://www.floristone.com/flowers/products/D7-4904.jpg,https://www.flowerwyz.com/images/balloon-flowers-bouquet.jpg,1000
E8-4304,R,https://www.floristone.com/flowers/products/E8-4304.jpg,https://www.flowerwyz.com/images/anniversary-flower.jpg,1000
C11-4806,V,https://www.floristone.com/flowers/products/C11-4806.jpg,https://www.flowerwyz.com/images/best-online-florist.jpg,1000
C17-4329,C,https://www.floristone.com/flowers/products/C17-4329.jpg,https://www.flowerwyz.com/images/online-birthday-deliveries.jpg,1000
S40-4529,FA,https://www.floristone.com/flowers/products/S40-4529.jpg,https://www.flowerwyz.com/images/eternal-sunshine-of-heaven.jpg,1000
F1-318,FB,https://www.floristone.com/flowers/products/F1-318.jpg,https://www.flowerwyz.com/images/flower-arrangements-for-funerals.jpg,1000
T22-3A,O,https://www.floristone.com/flowers/products/T22-3A.jpg,https://www.flowerwyz.com/images/birthday-delivery-flower.jpg,1000
B7-4786,V,https://www.floristone.com/flowers/products/B7-4786.jpg,https://www.flowerwyz.com/images/florists-bouquets.jpg,1000
D7-4903,B,https://www.floristone.com/flowers/products/D7-4903.jpg,https://www.flowerwyz.com/images/balloon-bouquet-delivery.jpg,1000
E7-4824,R,https://www.floristone.com/flowers/products/E7-4824.jpg,https://www.flowerwyz.com/images/valentine-flower-delivery.jpg,1000
C10-4857,C,https://www.floristone.com/flowers/products/C10-4857.jpg,https://www.flowerwyz.com/images/flowers-for-valentine.jpg,1000
T43-1A,O,https://www.floristone.com/flowers/products/T43-1A.jpg,https://www.flowerwyz.com/images/cheap-floral-arrangements.jpg,1000
fam006,B,https://www.floristone.com/flowers/products/9008.jpg,https://www.flowerwyz.com/images/balloon-bouquets.jpg,1000
B7-4781,V,https://www.floristone.com/flowers/products/B7-4781.jpg,https://www.flowerwyz.com/images/floral.jpg,1000
C3-4406,C,https://www.floristone.com/flowers/products/C3-4406.jpg,https://www.flowerwyz.com/images/table-centerpieces.jpg,1000
E7-4808,R,https://www.floristone.com/flowers/products/E7-4808.jpg,https://www.flowerwyz.com/images/rose-bouquets.jpg,1000
C27-4527,P,https://www.floristone.com/flowers/products/C27-4527.jpg,https://www.flowerwyz.com/images/get-well-gift-baskets.jpg,1000
S42-4420,FA,https://www.floristone.com/flowers/products/S42-4420.jpg,https://www.flowerwyz.com/images/funeral-floral-arrangements.jpg,1000
F1-229,B,https://www.floristone.com/flowers/products/F1-229.jpg,https://www.flowerwyz.com/images/balloon-bouquets-delivered.jpg,1000
T36-1A,O,https://www.floristone.com/flowers/products/T36-1A.jpg,https://www.flowerwyz.com/images/unique-floral-arrangements.jpg,1000
B4-4785,V,https://www.floristone.com/flowers/products/B4-4785.jpg,https://www.flowerwyz.com/images/florist-shop.jpg,1000
B6-4827,C,https://www.floristone.com/flowers/products/B6-4827.jpg,https://www.flowerwyz.com/images/anniversary-gift-baskets.jpg,1000
E6-4821,R,https://www.floristone.com/flowers/products/E6-4821.jpg,https://www.flowerwyz.com/images/anniversary-flower-online.jpg,1000
C23-4886,P,https://www.floristone.com/flowers/products/C23-4886.jpg,https://www.flowerwyz.com/images/send-a-plant.jpg,1000
S46-4551,FB,https://www.floristone.com/flowers/products/S46-4551.jpg,https://www.flowerwyz.com/images/a-starlit-waterway.jpg,1000
AFS334,P,https://www.floristone.com/flowers/products/AFS334.jpg,https://www.flowerwyz.com/images/for-an-immortal-journey.jpg,1000
F1-117,B,https://www.floristone.com/flowers/products/bg_bb.jpg,,1000
B4-4114,V,https://www.floristone.com/flowers/products/B4-4114.jpg,https://www.flowerwyz.com/images/floral-delivery.jpg,1000
E4-4822,R,https://www.floristone.com/flowers/products/E4-4822.jpg,https://www.flowerwyz.com/images/anniversary-flowers-online.jpg,1000
S3-4440,FA,https://www.floristone.com/flowers/products/S3-4440.jpg,https://www.flowerwyz.com/images/cheap-funeral-flowers.jpg,1000
T174-1A,O,https://www.floristone.com/flowers/products/T174-1A.jpg,https://www.flowerwyz.com/images/large-floral-arrangements.jpg,1000
C15-4856,C,https://www.floristone.com/flowers/products/C15-4856.jpg,https://www.flowerwyz.com/images/cheap-valentines-day-flowers.jpg,1000
F1-119,B,https://www.floristone.com/flowers/products/ha_bb.jpg,https://www.flowerwyz.com/images/10th-anniversary-flowers.jpg,1000
F1-343,FB,https://www.floristone.com/flowers/products/F1-343.jpg,https://www.flowerwyz.com/images/funeral-flower.jpg,1000
B3-4921,V,https://www.floristone.com/flowers/products/B3-4921.jpg,https://www.flowerwyz.com/images/tropical-floral-arrangements.jpg,1000
D4-4038,C,https://www.floristone.com/flowers/products/D4-4038.jpg,https://www.flowerwyz.com/images/birthday-flowers-delivery.jpg,1000
E4-4820,R,https://www.floristone.com/flowers/products/E4-4820.jpg,https://www.flowerwyz.com/images/roses-bouquet.jpg,1000
T173-2A,O,https://www.floristone.com/flowers/products/T173-2A.jpg,https://www.flowerwyz.com/images/dried-floral-arrangements.jpg,1000
S25-4493,P,https://www.floristone.com/flowers/products/S25-4493.jpg,https://www.flowerwyz.com/images/plants-as-gifts.jpg,1000
AFS255,B,https://www.floristone.com/flowers/products/AFS255.jpg,,1000
B3-4420,V,https://www.floristone.com/flowers/products/B3-4420.jpg,https://www.flowerwyz.com/images/online-florist.jpg,1000
C5-4847,C,https://www.floristone.com/flowers/products/C5-4847.jpg,https://www.flowerwyz.com/images/centerpiece-ideas.jpg,1000
E4-4819,R,https://www.floristone.com/flowers/products/E4-4819.jpg,https://www.flowerwyz.com/images/wedding-anniversary-gifts.jpg,1000
T173-1A,O,https://www.floristone.com/flowers/products/T173-1A.jpg,https://www.flowerwyz.com/images/cheap-florist-flowers.jpg,1000
T212-2A,P,https://www.floristone.com/flowers/products/T212-2A.jpg,https://www.flowerwyz.com/images/plants-delivered.jpg,1000
S45-4544,FB,https://www.floristone.com/flowers/products/S45-4544.jpg,https://www.flowerwyz.com/images/order-flowers-for-funeral.jpg,1000
F1-120,B,https://www.floristone.com/flowers/products/hb_bb.jpg,https://www.flowerwyz.com/images/birthday-baskets-online.jpg,1000
T90-1A,P,https://www.floristone.com/flowers/products/T90-1A.jpg,https://www.flowerwyz.com/images/send-plants.jpg,1000
C3-4848,C,https://www.floristone.com/flowers/products/C3-4848.jpg,https://www.flowerwyz.com/images/anniversary-gift-basket.jpg,1000
E4-4809,R,https://www.floristone.com/flowers/products/E4-4809.jpg,https://www.flowerwyz.com/images/flowers-for-anniversary.jpg,1000
S9-4456,FA,https://www.floristone.com/flowers/products/S9-4456.jpg,https://www.flowerwyz.com/images/sympathy-gift-ideas.jpg,1000
T163-1A,O,https://www.floristone.com/flowers/products/T163-1A.jpg,https://www.flowerwyz.com/images/next-day-flower-delivery.jpg,1000
B30-4434,V,https://www.floristone.com/flowers/products/B30-4434.jpg,https://www.flowerwyz.com/images/florist-supplies.jpg,1000
B4-4338,C,https://www.floristone.com/flowers/products/B4-4338.jpg,https://www.flowerwyz.com/images/sending-birthday-flowers.jpg,1000
E3-4811,R,https://www.floristone.com/flowers/products/E3-4811.jpg,https://www.flowerwyz.com/images/anniversary-gift-ideas.jpg,1000
T132-2A,O,https://www.floristone.com/flowers/products/T132-2A.jpg,https://www.flowerwyz.com/images/flowers-delivered-tomorrow.jpg,1000
T212-3A,P,https://www.floristone.com/flowers/products/T212-3A.jpg,https://www.flowerwyz.com/images/rare-plants.jpg,1000
B30-4341,V,https://www.floristone.com/flowers/products/B30-4341.jpg,https://www.flowerwyz.com/images/next-day-flowers.jpg,1000
AFS201,C,https://www.floristone.com/flowers/products/AFS201.jpg,https://www.flowerwyz.com/files/affordable-flowers.jpg,1000
E2-4305,R,https://www.floristone.com/flowers/products/E2-4305.jpg,https://www.flowerwyz.com/images/wedding-anniversary-flowers.jpg,1000
F1-2228,O,https://www.floristone.com/flowers/products/F1-2228.jpg,https://www.flowerwyz.com/images/deliver-flowers-tomorrow.jpg,1000
T212-1A,P,https://www.floristone.com/flowers/products/T212-1A.jpg,https://www.flowerwyz.com/images/send-plant.jpg,1000
B29-4805,V,https://www.floristone.com/flowers/products/B29-4805.jpg,https://www.flowerwyz.com/images/next-day-delivery-flowers.jpg,1000
S38-4406,FA,https://www.floristone.com/flowers/products/S38-4406.jpg,https://www.flowerwyz.com/images/sympathy-flowers-online.jpg,1000
B23-4386,R,https://www.floristone.com/flowers/products/B23-4386.jpg,https://www.flowerwyz.com/images/cheap-valentines-flowers.jpg,1000
B27-4804,V,https://www.floristone.com/flowers/products/B27-4804.jpg,https://www.flowerwyz.com/images/send-flowers-tomorrow.jpg,1000
B30-4340,C,https://www.floristone.com/flowers/products/B30-4340.jpg,https://www.flowerwyz.com/files/centerpiece.jpg,1000
C28-4893,P,https://www.floristone.com/flowers/products/C28-4893.jpg,https://www.flowerwyz.com/images/valentine-flowers-and-plants.jpg,1000
S47-4553,FB,https://www.floristone.com/flowers/products/S47-4553.jpg,https://www.flowerwyz.com/images/peace-love-and-light.jpg,1000
F1-354,FB,https://www.floristone.com/flowers/products/F1-354.jpg,https://www.flowerwyz.com/images/funeral-flower-delivery.jpg,1000
B19-4387,R,https://www.floristone.com/flowers/products/B19-4387.jpg,https://www.flowerwyz.com/images/valentines-day-giftpack.jpg,1000
B25-4126,C,https://www.floristone.com/flowers/products/B25-4126.jpg,https://www.flowerwyz.com/images/wedding-anniversary-flower.jpg,1000
B25-4401,V,https://www.floristone.com/flowers/products/B25-4401.jpg,https://www.flowerwyz.com/images/online-birthday-gifts.jpg,1000
C28-4890,P,https://www.floristone.com/flowers/products/C28-4890.jpg,https://www.flowerwyz.com/images/exotic-plants.jpg,1000
AFS261,C,https://www.floristone.com/flowers/products/AFS261.jpg,https://www.flowerwyz.com/files/flower-delivery-coupons.jpg,1000
F1-122,R,https://www.floristone.com/flowers/products/F1-122.jpg,https://www.flowerwyz.com/files/30th-anniversary-flowers.jpg,1000
F1-2111,FB,https://www.floristone.com/flowers/products/F1-2111.jpg,https://www.flowerwyz.com/images/floral-arrangements-for-funerals.jpg,1000
T106-1A,P,https://www.floristone.com/flowers/products/T106-1A.jpg,https://www.flowerwyz.com/images/plant-delivery-online.jpg,1000
B25-4390,V,https://www.floristone.com/flowers/products/B25-4390.jpg,https://www.flowerwyz.com/images/flower-delivery-next-day.jpg,1000
AFS206,C,https://www.floristone.com/flowers/products/AFS206.jpg,https://www.flowerwyz.com/files/flowers-free-delivery.jpg,1000
fam105,R,https://www.floristone.com/flowers/products/fam105.jpg,https://www.flowerwyz.com/files/affordable-flower-delivery.jpg,1000
B2-4922,V,https://www.floristone.com/flowers/products/B2-4922.jpg,https://www.flowerwyz.com/images/flowers-tomorrow.jpg,1000
T100-3A,P,https://www.floristone.com/flowers/products/T100-3A.jpg,https://www.flowerwyz.com/images/online-plant-delivery.jpg,1000
T232-1A,FB,https://www.floristone.com/flowers/products/T232-1A.jpg,,1000
AFS353,P,https://www.floristone.com/flowers/products/AFS353.jpg,https://www.flowerwyz.com/images/plant-gifts.jpg,1000
F1-218,FB,https://www.floristone.com/flowers/products/F1-218.jpg,https://www.flowerwyz.com/images/sympathy-gift-baskets.jpg,1000
T10-3A,C,https://www.floristone.com/flowers/products/T10-3A.jpg,https://www.flowerwyz.com/images/valentine-gift-basket.jpg,1000
fam103,R,https://www.floristone.com/flowers/products/fam103.jpg,,1000
B23-4800,V,https://www.floristone.com/flowers/products/B23-4800.jpg,https://www.flowerwyz.com/images/flower-delivery-tomorrow.jpg,1000
T10-1A,C,https://www.floristone.com/flowers/products/T10-1A.jpg,https://www.flowerwyz.com/images/flower-centerpieces.jpg,1000
fam102,R,https://www.floristone.com/flowers/products/fam102.jpg,https://www.flowerwyz.com/images/5th-anniversary-flowers.jpg,1000
S2-4438,FB,https://www.floristone.com/flowers/products/S2-4438.jpg,https://www.flowerwyz.com/images/sympathy-flowers.jpg,1000
T106-2A,P,https://www.floristone.com/flowers/products/T106-2A.jpg,https://www.flowerwyz.com/images/deliver-plants.jpg,1000
B22-4801,V,https://www.floristone.com/flowers/products/B22-4801.jpg,https://www.flowerwyz.com/images/next-day-flowers-delivery.jpg,1000
T18-3A,C,https://www.floristone.com/flowers/products/T18-3A.jpg,https://www.flowerwyz.com/images/dining-table-centerpieces.jpg,1000
fam109,R,https://www.floristone.com/flowers/products/fam109.jpg,,1000
T105-1A,P,https://www.floristone.com/flowers/products/T105-1A.jpg,https://www.flowerwyz.com/images/best-plant-delivery.jpg,1000
B20-4798,V,https://www.floristone.com/flowers/products/B20-4798.jpg,https://www.flowerwyz.com/images/send-flowers-next-day.jpg,1000
S33-4513,FS,https://www.floristone.com/flowers/products/S33-4513.jpg,https://www.flowerwyz.com/images/funeral-flowers-online.jpg,1000
T9-3A,R,https://www.floristone.com/flowers/products/T9-3A.jpg,https://www.flowerwyz.com/images/valentine-gifts.jpg,1000
fam115,R,https://www.floristone.com/flowers/products/fam115.jpg,https://www.flowerwyz.com/images/25th-anniversary-flowers.jpg,1000
T104-3A,P,https://www.floristone.com/flowers/products/T104-3A.jpg,https://www.flowerwyz.com/images/online-plants.jpg,1000
B20-4376,R,https://www.floristone.com/flowers/products/B20-4376.jpg,https://www.flowerwyz.com/images/1st-anniversary-flowers.jpg,1000
S47-4554,FA,https://www.floristone.com/flowers/products/S47-4554.jpg,https://www.flowerwyz.com/images/apt-sympathy-baskets.jpg,1000
AFS408,P,https://www.floristone.com/flowers/products/AFS408.jpg,https://www.flowerwyz.com/images/plants-online.jpg,1000
F1-110,R,https://www.floristone.com/flowers/products/F1-110.jpg,,1000
T16-1A,C,https://www.floristone.com/flowers/products/T16-1A.jpg,https://www.flowerwyz.com/images/cheap-centerpiece-ideas.jpg,1000
C4-4791,V,https://www.floristone.com/flowers/products/C4-4791.jpg,https://www.flowerwyz.com/images/flowers-next-day-delivery.jpg,1000
S38-4526,FB,https://www.floristone.com/flowers/products/S38-4526.jpg,https://www.flowerwyz.com/images/sympathy-gift-basket.jpg,1000
T10-2A,C,https://www.floristone.com/flowers/products/T10-2A.jpg,https://www.flowerwyz.com/images/valentine-day-flowers-delivery.jpg,1000
fam111,R,https://www.floristone.com/flowers/products/fam111.jpg,,1000
C3-4793,V,https://www.floristone.com/flowers/products/C3-4793.jpg,https://www.flowerwyz.com/images/cheap-flowers-tomorrow.jpg,1000
T235-1A,FB,https://www.floristone.com/flowers/products/T235-1A.jpg,,1000
S53-4570,P,https://www.floristone.com/flowers/products/S53-4570.jpg,https://www.flowerwyz.com/images/gift-plants.jpg,1000
AFS307,P,https://www.floristone.com/flowers/products/AFS307.jpg,https://www.flowerwyz.com/images/plants-online-delivery.jpg,1000
T38-1A,C,https://www.floristone.com/flowers/products/T38-1A.jpg,https://www.flowerwyz.com/images/floral-centerpieces.jpg,1000
fam114,R,https://www.floristone.com/flowers/products/fam114.jpg,https://www.flowerwyz.com/images/valentine-flower.jpg,1000
C3-4431,V,https://www.floristone.com/flowers/products/C3-4431.jpg,https://www.flowerwyz.com/images/flowers-next-day.jpg,1000
S14-4467,FS,https://www.floristone.com/flowers/products/S14-4467.jpg,,1000
T34-1A,C,https://www.floristone.com/flowers/products/T34-1A.jpg,https://www.flowerwyz.com/images/party-centerpieces.jpg,1000
T96-2A,P,https://www.floristone.com/flowers/products/T96-2A.jpg,https://www.flowerwyz.com/images/deliver-rare-plants.jpg,1000
fam801,R,https://www.floristone.com/flowers/products/fam801.jpg,https://www.flowerwyz.com/images/valentine-gift-baskets.jpg,1000
C19-4849,V,https://www.floristone.com/flowers/products/C19-4849.jpg,https://www.flowerwyz.com/images/flowers-for-birthday.jpg,1000
S34-4515,FA,https://www.floristone.com/flowers/products/S34-4515.jpg,,1000
T27-2A,C,https://www.floristone.com/flowers/products/T27-2A.jpg,https://www.flowerwyz.com/images/table-decoration-ideas.jpg,1000
fam101,R,https://www.floristone.com/flowers/products/fam101.jpg,https://www.flowerwyz.com/images/2nd-anniversary-flowers.jpg,1000
C19-4846,V,https://www.floristone.com/flowers/products/C19-4846.jpg,https://www.flowerwyz.com/images/birthday-delivery-ideas.jpg,1000
S17-4472,FL,https://www.floristone.com/flowers/products/S17-4472.jpg,,1000
T27-1A,C,https://www.floristone.com/flowers/products/T27-1A.jpg,https://www.flowerwyz.com/images/simple-centerpieces.jpg,1000
fam802,R,https://www.floristone.com/flowers/products/fam802.jpg,https://www.flowerwyz.com/images/valentine-delivery-gifts.jpg,1000
S6-4447,FS,https://www.floristone.com/flowers/products/S6-4447.jpg,,1000
C18-4858,V,https://www.floristone.com/flowers/products/C18-4858.jpg,https://www.flowerwyz.com/images/flower-next-day-delivery.jpg,1000
AFS115,R,https://www.floristone.com/flowers/products/AFS115.jpg,,1000
T26-1A,C,https://www.floristone.com/flowers/products/T26-1A.jpg,https://www.flowerwyz.com/images/centerpieces-ideas.jpg,1000
C17-4861,V,https://www.floristone.com/flowers/products/C17-4861.jpg,https://www.flowerwyz.com/images/flowers-delivered-next-day.jpg,1000
S25-4321,FA,https://www.floristone.com/flowers/products/S25-4321.jpg,,1000
T47-3A,C,https://www.floristone.com/flowers/products/T47-3A.jpg,https://www.flowerwyz.com/images/cheap-centerpieces.jpg,1000
fam107,R,https://www.floristone.com/flowers/products/fam107.jpg,https://www.flowerwyz.com/files/inexpensive-flower-delivery.jpg,1000
C17-4842,V,https://www.floristone.com/flowers/products/C17-4842.jpg,https://www.flowerwyz.com/images/birthday-delivery-gifts.jpg,1000
S22-4298,FA,https://www.floristone.com/flowers/products/S22-4298.jpg,,1000
T47-1A,C,https://www.floristone.com/flowers/products/T47-1A.jpg,https://www.flowerwyz.com/images/centerpiece-vases.jpg,1000
fam104,R,https://www.floristone.com/flowers/products/fam104.jpg,,1000
C16-4839,V,https://www.floristone.com/flowers/products/C16-4839.jpg,https://www.flowerwyz.com/images/flowers-delivery-tomorrow.jpg,1000
S37-4522,FS,https://www.floristone.com/flowers/products/S37-4522.jpg,,1000
T55-3A,C,https://www.floristone.com/flowers/products/T55-3A.jpg,https://www.flowerwyz.com/images/kitchen-table-centerpieces.jpg,1000
fam106,R,https://www.floristone.com/flowers/products/fam106.jpg,https://www.flowerwyz.com/files/free-delivery-flowers.jpg,1000
C15-4853,V,https://www.floristone.com/flowers/products/C15-4853.jpg,https://www.flowerwyz.com/images/flowers-for-next-day.jpg,1000
S17-4474,FB,https://www.floristone.com/flowers/products/S17-4474.jpg,,1000
T52-3A,C,https://www.floristone.com/flowers/products/T52-3A.jpg,https://www.flowerwyz.com/images/center-piece.jpg,1000
C7-4925,V,https://www.floristone.com/flowers/products/C7-4925.jpg,https://www.flowerwyz.com/images/cheap-next-day-flower.jpg,1000
S29-4502,FW,https://www.floristone.com/flowers/products/S29-4502.jpg,https://www.flowerwyz.com/images/flowers-for-funerals.jpg,1000
T67-3A,C,https://www.floristone.com/flowers/products/T67-3A.jpg,https://www.flowerwyz.com/images/valentines-flowers-delivery.jpg,1000
C7-4862,V,https://www.floristone.com/flowers/products/C7-4862.jpg,https://www.flowerwyz.com/images/flowers-for-tomorrow.jpg,1000
S47-4552,FA,https://www.floristone.com/flowers/products/S47-4552.jpg,,1000
B4-4112,C,https://www.floristone.com/flowers/products/B4-4112.jpg,https://www.flowerwyz.com/images/3rd-anniversary-flowers.jpg,1000
D7-4906,V,https://www.floristone.com/flowers/products/D7-4906.jpg,https://www.flowerwyz.com/images/wedding-flowers.jpg,1000
S22-4485,FB,https://www.floristone.com/flowers/products/S22-4485.jpg,,1000
D7-4905,V,https://www.floristone.com/flowers/products/D7-4905.jpg,https://www.flowerwyz.com/images/wedding-bouquets.jpg,1000
T159-3A,C,https://www.floristone.com/flowers/products/T159-3A.jpg,https://www.flowerwyz.com/images/centerpieces-for-tables.jpg,1000
S19-4480,FA,https://www.floristone.com/flowers/products/S19-4480.jpg,,1000
D4-4902,V,https://www.floristone.com/flowers/products/D4-4902.jpg,https://www.flowerwyz.com/images/birthday-gift-delivery.jpg,1000
T174-2A,C,https://www.floristone.com/flowers/products/T174-2A.jpg,https://www.flowerwyz.com/images/table-centerpiece-ideas.jpg,1000
S44-4541,FB,https://www.floristone.com/flowers/products/S44-4541.jpg,https://www.flowerwyz.com/images/sympathy-flower.jpg,1000
D3-4897,V,https://www.floristone.com/flowers/products/D3-4897.jpg,https://www.flowerwyz.com/images/bridal-bouquets.jpg,1000
T161-1A,C,https://www.floristone.com/flowers/products/T161-1A.jpg,https://www.flowerwyz.com/images/get-well-flowers.jpg,1000
S21-4483,FA,https://www.floristone.com/flowers/products/S21-4483.jpg,https://www.flowerwyz.com/images/sympathy-gift.jpg,1000
C9-4866,V,https://www.floristone.com/flowers/products/C9-4866.jpg,https://www.flowerwyz.com/images/flowers-for-weddings.jpg,1000
T160-1A,C,https://www.floristone.com/flowers/products/T160-1A.jpg,https://www.flowerwyz.com/images/get-well-soon-flowers.jpg,1000
S40-4530,FA,https://www.floristone.com/flowers/products/S40-4530.jpg,https://www.flowerwyz.com/images/sympathy-flowers-delivery.jpg,1000
C7-4843,V,https://www.floristone.com/flowers/products/C7-4843.jpg,https://www.flowerwyz.com/images/wedding-flowers-online.jpg,1000
T163-2A,C,https://www.floristone.com/flowers/products/T163-2A.jpg,,1000
S23-4488,FB,https://www.floristone.com/flowers/products/S23-4488.jpg,,1000
C6-4863,V,https://www.floristone.com/flowers/products/C6-4863.jpg,https://www.flowerwyz.com/images/wedding-flower-arrangements.jpg,1000
T171-1A,C,https://www.floristone.com/flowers/products/T171-1A.jpg,,1000
S34-4514,FB,https://www.floristone.com/flowers/products/S34-4514.jpg,https://www.flowerwyz.com/images/flowers-for-sympathy.jpg,1000
T145-3A,C,https://www.floristone.com/flowers/products/T145-3A.jpg,,1000
C15-4790,V,https://www.floristone.com/flowers/products/C15-4790.jpg,https://www.flowerwyz.com/images/silk-wedding-bouquets.jpg,1000
S37-4523,FA,https://www.floristone.com/flowers/products/S37-4523.jpg,,1000
F1-322,FB,https://www.floristone.com/flowers/products/F1-322.jpg,,1000
T147-3A,C,https://www.floristone.com/flowers/products/T147-3A.jpg,,1000
C15-4138,V,https://www.floristone.com/flowers/products/C15-4138.jpg,https://www.flowerwyz.com/images/send-birthday-flowers.jpg,1000
S3-4308,FA,https://www.floristone.com/flowers/products/S3-4308.jpg,,1000
T132-1A,C,https://www.floristone.com/flowers/products/T132-1A.jpg,,1000
C14-4851,V,https://www.floristone.com/flowers/products/C14-4851.jpg,https://www.flowerwyz.com/images/bridesmaid-bouquets.jpg,1000
T68-2A,C,https://www.floristone.com/flowers/products/T68-2A.jpg,,1000
C12-4792,V,https://www.floristone.com/flowers/products/C12-4792.jpg,https://www.flowerwyz.com/images/cheap-wedding-flowers.jpg,1000
S13-4466,FH,https://www.floristone.com/flowers/products/S13-4466.jpg,https://www.flowerwyz.com/images/you-will-be-in-my-heart.jpg,1000
F1-352,FA,https://www.floristone.com/flowers/products/F1-352.jpg,https://www.flowerwyz.com/images/funeral-flower-online.jpg,1000
T65-3A,C,https://www.floristone.com/flowers/products/T65-3A.jpg,,1000
C11-4926,V,https://www.floristone.com/flowers/products/C11-4926.jpg,https://www.flowerwyz.com/images/bridal-flowers.jpg,1000
AVB,V,https://www.floristone.com/flowers/products/AVB.jpg,https://www.flowerwyz.com/images/wedding-florist.jpg,1000
T65-1A,C,https://www.floristone.com/flowers/products/T65-1A.jpg,https://www.flowerwyz.com/images/valentines-flowers.jpg,1000
S8-4452,FB,https://www.floristone.com/flowers/products/S8-4452.jpg,https://www.flowerwyz.com/images/condolence-flowers.jpg,1000
F1-355,FA,https://www.floristone.com/flowers/products/F1-355.jpg,https://www.flowerwyz.com/images/sympathy-gifts.jpg,1000
E9-4817,R,https://www.floristone.com/flowers/products/E9-4817.jpg,https://www.flowerwyz.com/images/anniversary-flowers-delivery.jpg,1000
D9-4910,V,https://www.floristone.com/flowers/products/D9-4910.jpg,https://www.flowerwyz.com/images/birthday-flower-online.jpg,1000
S34-4516,FA,https://www.floristone.com/flowers/products/S34-4516.jpg,,1000
AFS207,V,https://www.floristone.com/flowers/products/AFS207.jpg,https://www.flowerwyz.com/files/flower-deals.jpg,1000
S4-4443,FA,https://www.floristone.com/flowers/products/S4-4443.jpg,https://www.flowerwyz.com/images/sympathy-flower-baskets.jpg,1000
F1-231,V,https://www.floristone.com/flowers/products/F1-231.jpg,https://www.flowerwyz.com/images/wedding-floral-arrangements.jpg,1000
S31-4509,FB,https://www.floristone.com/flowers/products/S31-4509.jpg,,1000
F1-246,V,https://www.floristone.com/flowers/products/F1-246.jpg,https://www.flowerwyz.com/images/bridesmaids-bouquets.jpg,1000
F1-332,FA,https://www.floristone.com/flowers/products/F1-332.jpg,,1000
AFS257,V,https://www.floristone.com/flowers/products/AFS257.jpg,https://www.flowerwyz.com/files/free-flower-delivery.jpg,1000
S9-4455,FA,https://www.floristone.com/flowers/products/S9-4455.jpg,,1000
AFS242,V,https://www.floristone.com/flowers/products/AFS242.jpg,https://www.flowerwyz.com/files/inexpensive-flowers.jpg,1000
S39-4528,FH,https://www.floristone.com/flowers/products/S39-4528.jpg,,1000
T64-1A,V,https://www.floristone.com/flowers/products/T64-1A.jpg,https://www.flowerwyz.com/images/valentine-gift-flower.jpg,1000
S42-4534,FB,https://www.floristone.com/flowers/products/S42-4534.jpg,,1000
T65-2A,V,https://www.floristone.com/flowers/products/T65-2A.jpg,https://www.flowerwyz.com/images/wholesale-wedding-flowers.jpg,1000
S12-4464,FX,https://www.floristone.com/flowers/products/S12-4464.jpg,https://www.flowerwyz.com/images/funeral-flower-arrangement.jpg,1000
F1-319,FA,https://www.floristone.com/flowers/products/F1-319.jpg,https://www.flowerwyz.com/images/send-sympathy-flowers.jpg,1000
T128-2A,V,https://www.floristone.com/flowers/products/T128-2A.jpg,https://www.flowerwyz.com/images/valentines-day-flowers.jpg,1000
T140-2A,V,https://www.floristone.com/flowers/products/T140-2A.jpg,https://www.flowerwyz.com/images/silk-bridal-bouquets.jpg,1000
S40-4531,FW,https://www.floristone.com/flowers/products/S40-4531.jpg,https://www.flowerwyz.com/images/eternity-is-awake.jpg,1000
T9-1A,V,https://www.floristone.com/flowers/products/T9-1A.jpg,https://www.flowerwyz.com/images/wedding-bouquets-online.jpg,1000
S20-4482,FA,https://www.floristone.com/flowers/products/S20-4482.jpg,https://www.flowerwyz.com/images/send-sympathy-gifts.jpg,1000
T68-3A,V,https://www.floristone.com/flowers/products/T68-3A.jpg,https://www.flowerwyz.com/images/wedding-florists.jpg,1000
S21-4304,FA,https://www.floristone.com/flowers/products/S21-4304.jpg,,1000
T61-1A,V,https://www.floristone.com/flowers/products/T61-1A.jpg,https://www.flowerwyz.com/images/cheap-flowers-for-weddings.jpg,1000
S31-4508,FB,https://www.floristone.com/flowers/products/S31-4508.jpg,,1000
S38-4217,FW,https://www.floristone.com/flowers/products/S38-4217.jpg,,1000
T09J400A,V,https://www.floristone.com/flowers/products/T09J400A.jpg,https://www.flowerwyz.com/images/bouquet.jpg,1000
T8-1A,V,https://www.floristone.com/flowers/products/T8-1A.jpg,https://www.flowerwyz.com/images/bouquet-of-flowers.jpg,1000
S28-4501,FH,https://www.floristone.com/flowers/products/S28-4501.jpg,https://www.flowerwyz.com/images/my-heartfelt-sympathies.jpg,1000
T6-1A,V,https://www.floristone.com/flowers/products/T6-1A.jpg,https://www.flowerwyz.com/images/flower-bouquets.jpg,1000
S38-4307,FA,https://www.floristone.com/flowers/products/S38-4307.jpg,,1000
T5-1A,V,https://www.floristone.com/flowers/products/T5-1A.jpg,https://www.flowerwyz.com/images/flower-bouquet.jpg,1000
S46-4550,FA,https://www.floristone.com/flowers/products/S46-4550.jpg,,1000
T4-1A,R,https://www.floristone.com/flowers/products/T4-1A.jpg,https://www.flowerwyz.com/images/flower-for-valentine.jpg,1000
S12-4465,FC,https://www.floristone.com/flowers/products/S12-4465.jpg,,1000
T157-3A,V,https://www.floristone.com/flowers/products/T157-3A.jpg,https://www.flowerwyz.com/images/bouquet-of-roses.jpg,1000
S25-4491,FA,https://www.floristone.com/flowers/products/S25-4491.jpg,https://www.flowerwyz.com/images/sympathy-flower-online.jpg,1000
T24-1A,V,https://www.floristone.com/flowers/products/T24-1A.jpg,https://www.flowerwyz.com/images/cheapest-birthday-gift.jpg,1000
T21-1A,V,https://www.floristone.com/flowers/products/T21-1A.jpg,https://www.flowerwyz.com/images/birthday-gift-baskets.jpg,1000
S46-4549,FC,https://www.floristone.com/flowers/products/S46-4549.jpg,,1000
T18-2A,V,https://www.floristone.com/flowers/products/T18-2A.jpg,https://www.flowerwyz.com/images/bouquet-delivery.jpg,1000
S44-4542,FW,https://www.floristone.com/flowers/products/S44-4542.jpg,,1000
T18-1A,V,https://www.floristone.com/flowers/products/T18-1A.jpg,https://www.flowerwyz.com/images/birthday-flowers.jpg,1000
S45-4543,FH,https://www.floristone.com/flowers/products/S45-4543.jpg,,1000
T17-1A,V,https://www.floristone.com/flowers/products/T17-1A.jpg,https://www.flowerwyz.com/images/beautiful-flower-bouquets.jpg,1000
S14-4469,FL,https://www.floristone.com/flowers/products/S14-4469.jpg,,1000
T14-1A,V,https://www.floristone.com/flowers/products/T14-1A.jpg,https://www.flowerwyz.com/images/cheap-bouquets.jpg,1000
S15-4470,FB,https://www.floristone.com/flowers/products/S15-4470.jpg,,1000
F1-315,FS,https://www.floristone.com/flowers/products/F1-315.jpg,,1000
T11-1A,V,https://www.floristone.com/flowers/products/T11-1A.jpg,https://www.flowerwyz.com/images/flower-bouquet-delivery.jpg,1000
T42-1A,V,https://www.floristone.com/flowers/products/T42-1A.jpg,https://www.flowerwyz.com/images/cheap-flower-bouquets.jpg,1000
S7-4449,FA,https://www.floristone.com/flowers/products/S7-4449.jpg,https://www.flowerwyz.com/images/condolences-flowers.jpg,1000
T41-1A,V,https://www.floristone.com/flowers/products/T41-1A.jpg,https://www.flowerwyz.com/images/a-bouquet-of-roses.jpg,1000
S24-4490,FC,https://www.floristone.com/flowers/products/S24-4490.jpg,,1000
T37-1A,V,https://www.floristone.com/flowers/products/T37-1A.jpg,https://www.flowerwyz.com/images/flower-bouquets-delivered.jpg,1000
S41-4533,FB,https://www.floristone.com/flowers/products/S41-4533.jpg,,1000
T29-1A,V,https://www.floristone.com/flowers/products/T29-1A.jpg,https://www.flowerwyz.com/images/cheap-wedding-bouquets.jpg,1000
S46-4547,FH,https://www.floristone.com/flowers/products/S46-4547.jpg,,1000
T46-1A,V,https://www.floristone.com/flowers/products/T46-1A.jpg,https://www.flowerwyz.com/images/flower-arrangements-weddings.jpg,1000
S16-4471,FC,https://www.floristone.com/flowers/products/S16-4471.jpg,,1000
T32-1A,V,https://www.floristone.com/flowers/products/T32-1A.jpg,,1000
S21-4484,FW,https://www.floristone.com/flowers/products/S21-4484.jpg,,1000
T58-1A,V,https://www.floristone.com/flowers/products/T58-1A.jpg,,1000
S3-4442,FW,https://www.floristone.com/flowers/products/S3-4442.jpg,,1000
T55-1A,V,https://www.floristone.com/flowers/products/T55-1A.jpg,,1000
S47-4556,FX,https://www.floristone.com/flowers/products/S47-4556.jpg,,1000
T55-2A,V,https://www.floristone.com/flowers/products/T55-2A.jpg,,1000
S45-4546,FW,https://www.floristone.com/flowers/products/S45-4546.jpg,,1000
T50-3A,V,https://www.floristone.com/flowers/products/T50-3A.jpg,https://www.flowerwyz.com/images/same-day-flower-delivery.jpg,1000
S56-4571,FF,https://www.floristone.com/flowers/products/S56-4571.jpg,,1000
T50-1A,V,https://www.floristone.com/flowers/products/T50-1A.jpg,https://www.flowerwyz.com/images/flowers-delivered-today.jpg,1000
S20-4481,FC,https://www.floristone.com/flowers/products/S20-4481.jpg,,1000
T49-1A,V,https://www.floristone.com/flowers/products/T49-1A.jpg,https://www.flowerwyz.com/images/flower-delivery-today.jpg,1000
S14-4305,FA,https://www.floristone.com/flowers/products/S14-4305.jpg,,1000
T48-1A,V,https://www.floristone.com/flowers/products/T48-1A.jpg,https://www.flowerwyz.com/images/same-day-delivery-flowers.jpg,1000
S2-4439,FH,https://www.floristone.com/flowers/products/S2-4439.jpg,,1000
T74-1A,V,https://www.floristone.com/flowers/products/T74-1A.jpg,https://www.flowerwyz.com/images/same-day-flowers.jpg,1000
S40-4532,FS,https://www.floristone.com/flowers/products/S40-4532.jpg,,1000
T70-1A,R,https://www.floristone.com/flowers/products/T70-1A.jpg,,1000
S36-4521,FC,https://www.floristone.com/flowers/products/S36-4521.jpg,,1000
T69-1A,V,https://www.floristone.com/flowers/products/T69-1A.jpg,https://www.flowerwyz.com/images/flowers-same-day-delivery.jpg,1000
S11-4460,FC,https://www.floristone.com/flowers/products/S11-4460.jpg,,1000
T68-1A,V,https://www.floristone.com/flowers/products/T68-1A.jpg,https://www.flowerwyz.com/images/send-flowers-today.jpg,1000
S56-4572,FF,https://www.floristone.com/flowers/products/S56-4572.jpg,,1000
T66-1A,R,https://www.floristone.com/flowers/products/T66-1A.jpg,https://www.flowerwyz.com/images/best-valentine-ever.jpg,1000
S22-4486,FL,https://www.floristone.com/flowers/products/S22-4486.jpg,,1000
S8-4453,FW,https://www.floristone.com/flowers/products/S8-4453.jpg,,1000
T159-1A,V,https://www.floristone.com/flowers/products/T159-1A.jpg,https://www.flowerwyz.com/images/deliver-flowers-today.jpg,1000
T158-1A,V,https://www.floristone.com/flowers/products/T158-1A.jpg,https://www.flowerwyz.com/images/flower-delivery-same-day.jpg,1000
S29-4504,FA,https://www.floristone.com/flowers/products/S29-4504.jpg,,1000
T152-2A,V,https://www.floristone.com/flowers/products/T152-2A.jpg,https://www.flowerwyz.com/images/flowers-today.jpg,1000
S26-4494,FB,https://www.floristone.com/flowers/products/S26-4494.jpg,,1000
T157-1A,V,https://www.floristone.com/flowers/products/T157-1A.jpg,https://www.flowerwyz.com/images/cheap-same-day-flower.jpg,1000
S50-4565,FS,https://www.floristone.com/flowers/products/S50-4565.jpg,,1000
T154-1A,r,https://www.floristone.com/flowers/products/T154-1A.jpg,https://www.flowerwyz.com/images/valentines-flower-delivery.jpg,1000
S33-4511,FS,https://www.floristone.com/flowers/products/S33-4511.jpg,,1000
T152-1A,V,https://www.floristone.com/flowers/products/T152-1A.jpg,https://www.flowerwyz.com/images/flowers-for-delivery-today.jpg,1000
S19-4479,FA,https://www.floristone.com/flowers/products/S19-4479.jpg,,1000
T145-2A,V,https://www.floristone.com/flowers/products/T145-2A.jpg,https://www.flowerwyz.com/images/same-day-flowers-delivery.jpg,1000
S17-4475,FA,https://www.floristone.com/flowers/products/S17-4475.jpg,,1000
T147-2A,V,https://www.floristone.com/flowers/products/T147-2A.jpg,https://www.flowerwyz.com/images/send-flowers-same-day.jpg,1000
S42-4536,FW,https://www.floristone.com/flowers/products/S42-4536.jpg,,1000
T167-1A,V,https://www.floristone.com/flowers/products/T167-1A.jpg,https://www.flowerwyz.com/images/flowers-delivery-same-day.jpg,1000
S31-4507,FW,https://www.floristone.com/flowers/products/S31-4507.jpg,,1000
T9-2A,V,https://www.floristone.com/flowers/products/T9-2A.jpg,https://www.flowerwyz.com/images/cheap-flowers-delivered-today.jpg,1000
S8-4451,FC,https://www.floristone.com/flowers/products/S8-4451.jpg,,1000
T47-2A,V,https://www.floristone.com/flowers/products/T47-2A.jpg,https://www.flowerwyz.com/images/flowers-same-day.jpg,1000
S37-4525,FB,https://www.floristone.com/flowers/products/S37-4525.jpg,,1000
F1-214,V,https://www.floristone.com/flowers/products/F1-214.jpg,https://www.flowerwyz.com/images/flower-same-day-delivery.jpg,1000
S19-4477,FA,https://www.floristone.com/flowers/products/S19-4477.jpg,,1000
F1-239,V,https://www.floristone.com/flowers/products/F1-239.jpg,https://www.flowerwyz.com/images/flowers-delivered-same-day.jpg,1000
S28-4499,FC,https://www.floristone.com/flowers/products/S28-4499.jpg,,1000
F1-211,V,https://www.floristone.com/flowers/products/F1-211.jpg,https://www.flowerwyz.com/images/flowers-delivery-today.jpg,1000
S10-4458,FW,https://www.floristone.com/flowers/products/S10-4458.jpg,,1000
S33-4512,FA,https://www.floristone.com/flowers/products/S33-4512.jpg,,1000
S30-4505,FB,https://www.floristone.com/flowers/products/S30-4505.jpg,,1000
S48-4557,FS,https://www.floristone.com/flowers/products/S48-4557.jpg,,1000
S47-4555,FC,https://www.floristone.com/flowers/products/S47-4555.jpg,,1000
S10-4457,FH,https://www.floristone.com/flowers/products/S10-4457.jpg,,1000
S30-4506,FB,https://www.floristone.com/flowers/products/S30-4506.jpg,,1000
S27-4496,FA,https://www.floristone.com/flowers/products/S27-4496.jpg,https://www.flowerwyz.com/images/silent-flower-that-touches.jpg,1000
S27-4497,FA,https://www.floristone.com/flowers/products/S27-4497.jpg,,1000
F1-313,FA,https://www.floristone.com/flowers/products/F1-313.jpg,,1000
S24-4489,FS,https://www.floristone.com/flowers/products/S24-4489.jpg,,1000
S43-4537,FC,https://www.floristone.com/flowers/products/S43-4537.jpg,,1000
F1-311,FA,https://www.floristone.com/flowers/products/F1-311.jpg,,1000
AFS351,FA,https://www.floristone.com/flowers/products/AFS351.jpg,,1000
F1-330,FB,https://www.floristone.com/flowers/products/F1-330.jpg,,1000
F1-305,FA,https://www.floristone.com/flowers/products/F1-305.jpg,,1000
S5-4446,FC,https://www.floristone.com/flowers/products/S5-4446.jpg,,1000
AFS323,FB,https://www.floristone.com/flowers/products/AFS323.jpg,,1000
F1-2060,FS,https://www.floristone.com/flowers/products/F1-2060.jpg,,1000
F1-359,FA,https://www.floristone.com/flowers/products/F1-359.jpg,,1000
T253-3A,FA,https://www.floristone.com/flowers/products/T253-3A.jpg,,1000
T221-4A,FF,https://www.floristone.com/flowers/products/T221-4A.jpg,,1000
T242-1A,FC,https://www.floristone.com/flowers/products/T242-1A.jpg,,1000
T230-3A,FC,https://www.floristone.com/flowers/products/T230-3A.jpg,,1000
T213-2A,FA,https://www.floristone.com/flowers/products/T213-2A.jpg,,1000
T241-1A,FW,https://www.floristone.com/flowers/products/T241-1A.jpg,,1000
T240-3A,FC,https://www.floristone.com/flowers/products/T240-3A.jpg,,1000
T240-2A,FS,https://www.floristone.com/flowers/products/T240-2A.jpg,,1000
T218-1A,FB,https://www.floristone.com/flowers/products/T218-1A.jpg,,1000
T217-1A,FA,https://www.floristone.com/flowers/products/T217-1A.jpg,,1000
T216-1A,FB,https://www.floristone.com/flowers/products/T216-1A.jpg,,1000
T255-2A,FW,https://www.floristone.com/flowers/products/T255-2A.jpg,,1000
T232-3A,FC,https://www.floristone.com/flowers/products/T232-3A.jpg,,1000
T232-2A,FX,https://www.floristone.com/flowers/products/T232-2A.jpg,,1000
T242-4A,FC,https://www.floristone.com/flowers/products/T242-4A.jpg,,1000
T242-3A,FC,https://www.floristone.com/flowers/products/T242-3A.jpg,,1000
T242-2A,FC,https://www.floristone.com/flowers/products/T242-2A.jpg,,1000
T234-1A,FS,https://www.floristone.com/flowers/products/T234-1A.jpg,,1000
T233-1A,FB,https://www.floristone.com/flowers/products/T233-1A.jpg,,1000
T231-1A,FA,https://www.floristone.com/flowers/products/T231-1A.jpg,,1000
T218-4A,FB,https://www.floristone.com/flowers/products/T218-4A.jpg,,1000
T218-2A,FB,https://www.floristone.com/flowers/products/T218-2A.jpg,,1000
T244-1A,FA,https://www.floristone.com/flowers/products/T244-1A.jpg,,1000
T243-1A,FC,https://www.floristone.com/flowers/products/T243-1A.jpg,,1000
T236-1A,FW,https://www.floristone.com/flowers/products/T236-1A.jpg,,1000
T235-2A,FC,https://www.floristone.com/flowers/products/T235-2A.jpg,,1000
T221-1A,FA,https://www.floristone.com/flowers/products/T221-1A.jpg,,1000
T220-1A,FB,https://www.floristone.com/flowers/products/T220-1A.jpg,,1000
T219-1A,FB,https://www.floristone.com/flowers/products/T219-1A.jpg,,1000
T248-2A,FS,https://www.floristone.com/flowers/products/T248-2A.jpg,,1000
T221-3A,FA,https://www.floristone.com/flowers/products/T221-3A.jpg,,1000
T224-1A,FA,https://www.floristone.com/flowers/products/T224-1A.jpg,,1000
T223-1A,FC,https://www.floristone.com/flowers/products/T223-1A.jpg,,1000
T248-1A,FS,https://www.floristone.com/flowers/products/T248-1A.jpg,,1000
T247-2A,FS,https://www.floristone.com/flowers/products/T247-2A.jpg,,1000
T246-4A,FS,https://www.floristone.com/flowers/products/T246-4A.jpg,,1000
T221-2A,FB,https://www.floristone.com/flowers/products/T221-2A.jpg,,1000
T238-2A,FH,https://www.floristone.com/flowers/products/T238-2A.jpg,,1000
T238-1A,FX,https://www.floristone.com/flowers/products/T238-1A.jpg,,1000
T246-2A,FS,https://www.floristone.com/flowers/products/T246-2A.jpg,,1000
T237-1A,FA,https://www.floristone.com/flowers/products/T237-1A.jpg,,1000
T236-3A,FC,https://www.floristone.com/flowers/products/T236-3A.jpg,,1000
T236-2A,FA,https://www.floristone.com/flowers/products/T236-2A.jpg,,1000
T209-1A,FA,https://www.floristone.com/flowers/products/T209-1A.jpg,,1000
T208-1A,FA,https://www.floristone.com/flowers/products/T208-1A.jpg,,1000
T249-4A,FS,https://www.floristone.com/flowers/products/T249-4A.jpg,,1000
T239-1A,FW,https://www.floristone.com/flowers/products/T239-1A.jpg,,1000
T225-2A,FH,https://www.floristone.com/flowers/products/T225-2A.jpg,,1000
T249-3A,FS,https://www.floristone.com/flowers/products/T249-3A.jpg,,1000
T249-2A,FS,https://www.floristone.com/flowers/products/T249-2A.jpg,,1000
T249-1A,FS,https://www.floristone.com/flowers/products/T249-1A.jpg,,1000
T251-1A,FA,https://www.floristone.com/flowers/products/T251-1A.jpg,,1000
T239-3A,FW,https://www.floristone.com/flowers/products/T239-3A.jpg,,1000
T239-2A,FW,https://www.floristone.com/flowers/products/T239-2A.jpg,,1000
S48-4559,FS,https://www.floristone.com/flowers/products/S48-4559.jpg,,1000
S50-4568,FX,https://www.floristone.com/flowers/products/S50-4568.jpg,,1000
T230-1A,FS,https://www.floristone.com/flowers/products/T230-1A.jpg,,1000
T229-3A,FC,https://www.floristone.com/flowers/products/T229-3A.jpg,,1000
T226-3A,FC,https://www.floristone.com/flowers/products/T226-3A.jpg,,1000
T226-2A,FB,https://www.floristone.com/flowers/products/T226-2A.jpg,,1000
T226-1A,FS,https://www.floristone.com/flowers/products/T226-1A.jpg,,1000
T252-1A,FB,https://www.floristone.com/flowers/products/T252-1A.jpg,,1000
T240-1A,FB,https://www.floristone.com/flowers/products/T240-1A.jpg,,1000
T239-4A,FW,https://www.floristone.com/flowers/products/T239-4A.jpg,,1000
T227-1A,FB,https://www.floristone.com/flowers/products/T227-1A.jpg,,1000
T209-2A,FA,https://www.floristone.com/flowers/products/T209-2A.jpg,,1000
F1-309,FW,https://www.floristone.com/flowers/products/F1-309.jpg,,1000
F1-306,FH,https://www.floristone.com/flowers/products/F1-306.jpg,,1000
F1-342,FW,https://www.floristone.com/flowers/products/F1-342.jpg,,1000
B8-3603,P,https://www.floristone.com/flowers/products/B8-3603.jpg,https://www.flowerwyz.com/images/house-plants-online.jpg,1000
B8-3604,P,https://www.floristone.com/flowers/products/B8-3604.jpg,,1000
B11-3601,P,https://www.floristone.com/flowers/products/B11-3601.jpg,https://www.flowerwyz.com/images/send-plants-online.jpg,1000
B11-3602,P,https://www.floristone.com/flowers/products/B11-3602.jpg,,1000
X,X,X,X,X
